ts_code,trade_date,close,open,high,low,vol,amount
000016.SH,20230621,2519.08,2591.33,2591.33,2519.08,9757877700.0,159720913168.0
000016.SH,20230616,2600.92,2536.38,2604.63,2523.97,16783199500.0,294617134823.0
000016.SH,20230609,2543.93,2540.02,2560.06,2504.1,14271628400.0,232560527187.0
000016.SH,20230602,2543.58,2565.59,2566.83,2485.86,15497716800.0,272103365788.0
000016.SH,20230526,2559.61,2630.11,2669.23,2536.26,15134559400.0,256226599610.0
000016.SH,20230519,2633.39,2628.46,2685.57,2614.96,16646436200.0,272755223578.0
000016.SH,20230512,2630.95,2694.57,2751.44,2630.29,25512016400.0,387342138224.0
000016.SH,20230505,2685.17,2663.45,2706.33,2654.23,10085362300.0,164008477604.0
000016.SH,20230428,2677.76,2655.08,2683.47,2596.56,19061169700.0,355464780300.0
000016.SH,20230421,2654.21,2680.63,2753.81,2652.26,19107804300.0,357926461261.0
000016.SH,20230414,2679.01,2690.43,2694.32,2652.96,16833991500.0,347906873668.0
000016.SH,20230407,2684.86,2667.18,2692.51,2655.07,12853376100.0,252725914176.0
000016.SH,20230331,2661.92,2652.79,2681.82,2626.58,15065114900.0,267089632122.0
000016.SH,20230324,2653.28,2632.25,2668.67,2614.28,15970007500.0,271488354803.0
000016.SH,20230317,2628.59,2637.82,2674.08,2620.43,18374876900.0,284455066045.0
000016.SH,20230310,2636.39,2773.27,2774.0,2636.01,17901700000.0,282954083521.0
000016.SH,20230303,2774.51,2713.43,2784.13,2703.26,15652986800.0,256512857081.0
000016.SH,20230224,2727.59,2720.05,2805.71,2717.5,14362606100.0,278784091346.0
000016.SH,20230217,2714.29,2739.72,2787.16,2712.5,13592632800.0,279233993597.0
000016.SH,20230210,2746.72,2744.7,2765.62,2716.73,10546301900.0,230013203039.0
000016.SH,20230203,2774.8,2895.35,2895.35,2753.06,17468734000.0,367006661439.0
000016.SH,20230120,2836.81,2789.87,2864.88,2786.08,14315577600.0,319220571116.0
000016.SH,20230113,2787.36,2731.0,2787.36,2722.15,12555377500.0,275688810766.0
000016.SH,20230106,2713.63,2628.67,2721.93,2603.72,11437777400.0,233485333272.0
000016.SH,20221230,2635.25,2617.18,2648.41,2604.9,11146469100.0,206165587642.0
000016.SH,20221223,2615.88,2688.12,2696.93,2580.87,10081595100.0,209111675020.0
000016.SH,20221216,2688.29,2689.57,2700.4,2661.85,13424054100.0,269936985845.0
000016.SH,20221209,2706.74,2647.46,2712.88,2635.75,19009961600.0,344795355417.0
000016.SH,20221202,2614.61,2489.47,2678.34,2458.87,19588575400.0,355831106261.0
000016.SH,20221125,2544.61,2523.05,2562.08,2489.44,16240450100.0,255954059030.0
000016.SH,20221118,2546.72,2550.97,2595.3,2526.62,17169972100.0,354706655293.0
000016.SH,20221111,2518.05,2452.01,2546.09,2414.35,19257154000.0,323421952447.0
000016.SH,20221104,2468.28,2300.88,2479.23,2288.01,20318520600.0,408594178227.0
000016.SH,20221028,2326.94,2468.7,2493.06,2322.64,17279690800.0,368543945052.0
000016.SH,20221021,2487.22,2572.61,2598.21,2473.2,12047720600.0,266270275992.0
000016.SH,20221014,2584.68,2610.76,2611.05,2482.55,14864730200.0,296390520254.0
000016.SH,20220930,2610.12,2612.67,2650.25,2596.96,13447507000.0,250227085581.0
000016.SH,20220923,2629.81,2677.33,2695.4,2618.94,12947909000.0,225828824834.0
000016.SH,20220916,2678.03,2769.41,2781.4,2678.03,12691812600.0,239343759971.0
000016.SH,20220909,2757.57,2700.11,2763.17,2676.6,13421255400.0,277524632262.0
000016.SH,20220902,2711.26,2721.86,2779.62,2698.33,13891123800.0,283993519729.0
000016.SH,20220826,2751.59,2737.4,2767.28,2706.15,14295733600.0,322442067252.0
000016.SH,20220819,2750.63,2787.51,2811.24,2750.06,12873612200.0,282500895843.0
000016.SH,20220812,2796.89,2762.32,2802.58,2719.61,12482164900.0,280485297500.0
000016.SH,20220805,2774.34,2785.69,2794.18,2705.73,15261291900.0,325588328370.0
000016.SH,20220729,2792.33,2846.83,2864.46,2784.57,13191680000.0,287270496272.0
000016.SH,20220722,2848.44,2849.99,2887.94,2826.13,15397886100.0,306633387433.0
000016.SH,20220715,2839.39,2974.36,2974.36,2839.39,21860899300.0,404711237074.0
000016.SH,20220708,2993.31,3031.06,3078.4,2968.35,20156476600.0,448726545326.0
000016.SH,20220701,3045.27,2991.1,3085.22,2991.1,25649661800.0,503432776844.0
000016.SH,20220624,2974.75,2935.22,2983.61,2890.76,28395730900.0,468341175509.0
000016.SH,20220617,2936.2,2862.9,2971.36,2808.98,25271438100.0,503827030580.0
000016.SH,20220610,2899.58,2792.44,2902.48,2762.96,19829798700.0,419306573115.0
000016.SH,20220602,2790.32,2777.85,2817.49,2767.09,11170620500.0,241456712146.0
000016.SH,20220527,2763.07,2813.93,2813.93,2717.74,14249803200.0,294245135803.0
000016.SH,20220520,2807.94,2764.39,2807.98,2708.81,14160637600.0,301834021543.0
000016.SH,20220513,2748.24,2706.42,2769.48,2644.87,14745432800.0,295282359568.0
000016.SH,20220506,2719.76,2806.04,2824.54,2716.17,6271160600.0,126422100341.0
000016.SH,20220429,2805.34,2750.56,2820.55,2667.91,20592187800.0,413553355088.0
000016.SH,20220422,2814.13,2902.44,2902.44,2769.67,15049498800.0,309044274527.0
000016.SH,20220415,2930.58,2908.54,2947.45,2827.63,15931826100.0,331642712289.0
000016.SH,20220408,2925.49,2918.5,2943.24,2889.2,11245297000.0,207105036563.0
000016.SH,20220401,2943.24,2817.26,2954.51,2798.7,15693755300.0,341578329869.0
000016.SH,20220325,2856.43,2919.26,2928.44,2855.33,14578049300.0,332471688723.0
000016.SH,20220318,2913.19,2889.83,2925.72,2688.7,21717930700.0,487914706499.0
000016.SH,20220311,2935.68,3042.02,3042.02,2809.99,20166751200.0,440204153949.0
000016.SH,20220304,3062.38,3069.1,3129.26,3049.56,15402162900.0,326065456917.0
000016.SH,20220225,3075.59,3155.32,3155.88,3038.35,17030957300.0,352835147311.0
000016.SH,20220218,3162.82,3131.39,3162.82,3093.64,14241423400.0,304980820965.0
000016.SH,20220211,3142.91,3102.62,3172.09,3061.22,19608815500.0,396292398217.0
000016.SH,20220128,3054.02,3204.18,3218.98,3048.33,14742270900.0,342922248744.0
000016.SH,20220121,3218.74,3139.41,3251.22,3134.08,16567848200.0,375041299948.0
000016.SH,20220114,3139.05,3217.35,3247.9,3136.99,16579025300.0,371626704084.0
000016.SH,20220107,3223.27,3277.67,3289.16,3194.95,13947181400.0,345308915645.0
000016.SH,20211231,3274.32,3286.11,3308.23,3236.16,10861143200.0,340154002939.0
000016.SH,20211224,3290.24,3264.1,3306.91,3246.24,11795199300.0,320175880425.0
000016.SH,20211217,3278.9,3391.62,3428.74,3278.12,14771147000.0,427472452655.0
000016.SH,20211210,3353.63,3234.43,3393.16,3223.21,18789013500.0,495880330331.0
000016.SH,20211203,3221.42,3170.69,3221.42,3153.63,13029102600.0,372122217659.0
000016.SH,20211126,3187.36,3217.33,3247.78,3181.14,11999644500.0,363359199894.0
000016.SH,20211119,3212.91,3228.02,3243.45,3164.7,11199822700.0,320547958341.0
000016.SH,20211112,3220.55,3198.69,3241.13,3125.29,14408607800.0,392404642676.0
000016.SH,20211105,3201.55,3239.89,3267.76,3173.33,15352064900.0,468223729274.0
000016.SH,20211029,3267.25,3295.25,3327.66,3223.72,14707317500.0,418996764003.0
000016.SH,20211022,3318.13,3289.32,3336.73,3213.24,15175002900.0,408724599346.0
000016.SH,20211015,3294.83,3264.72,3318.15,3232.32,15891527500.0,399161240308.0
000016.SH,20211008,3256.26,3229.07,3263.93,3215.56,3892310800.0,105047467733.0
000016.SH,20210930,3196.99,3162.43,3224.57,3160.39,15090970100.0,364421429096.0
000016.SH,20210924,3145.11,3100.39,3173.05,3096.03,11376211300.0,259475233023.0
000016.SH,20210917,3161.92,3246.86,3271.1,3110.03,23676371300.0,517467792082.0
000016.SH,20210910,3252.32,3175.88,3268.73,3166.62,24782428100.0,559122138074.0
000016.SH,20210903,3175.88,3141.12,3203.32,3056.7,27441347300.0,699834042461.0
000016.SH,20210827,3123.05,3079.29,3173.37,3069.53,16775237400.0,518359551430.0
000016.SH,20210820,3072.75,3212.66,3246.93,3044.88,20157076100.0,547250891102.0
000016.SH,20210813,3217.84,3171.09,3298.41,3169.19,17174687400.0,522115792795.0
000016.SH,20210806,3195.7,3112.3,3266.3,3082.83,17987106000.0,605450428908.0
000016.SH,20210730,3132.82,3339.86,3339.86,3098.02,20274672900.0,645065802602.0
000016.SH,20210723,3357.45,3362.58,3410.82,3322.32,16297633100.0,500188412680.0
000016.SH,20210716,3369.9,3385.12,3414.42,3328.88,16374271800.0,486894114928.0
000016.SH,20210709,3361.59,3402.11,3434.15,3329.74,15255714400.0,489250277077.0
000016.SH,20210702,3408.24,3541.1,3543.7,3403.8,14771313000.0,470188751353.0
000016.SH,20210625,3535.02,3440.74,3545.43,3410.4,15744372700.0,478241744345.0
000016.SH,20210618,3454.59,3570.4,3579.09,3426.03,13474258300.0,378966187316.0
000016.SH,20210611,3576.78,3610.89,3634.92,3558.46,14846204400.0,387146194033.0
000016.SH,20210604,3612.7,3652.89,3665.92,3573.7,13734306700.0,380775043755.0
000016.SH,20210528,3659.3,3482.99,3709.0,3457.29,16029077000.0,452470183510.0
000016.SH,20210521,3481.86,3502.74,3556.49,3475.26,12222615100.0,334581706935.0
000016.SH,20210514,3503.04,3410.01,3504.65,3371.13,13308422600.0,355582209528.0
000016.SH,20210507,3406.31,3475.05,3510.4,3402.08,6002595700.0,172169731248.0
000016.SH,20210430,3491.19,3540.53,3548.21,3440.2,13462573100.0,389547920250.0
000016.SH,20210423,3524.02,3449.05,3533.23,3426.82,11235169600.0,327201307258.0
000016.SH,20210416,3448.1,3505.71,3520.73,3399.76,10538040700.0,305747233237.0
000016.SH,20210409,3514.11,3624.8,3624.8,3504.49,7993379600.0,228371771633.0
000016.SH,20210402,3616.76,3543.25,3616.8,3510.41,12872455600.0,338452952210.0
000016.SH,20210326,3529.73,3516.66,3558.94,3439.51,12541681700.0,323271808690.0
000016.SH,20210319,3512.02,3620.04,3627.31,3496.38,15020060500.0,378436365426.0
000016.SH,20210312,3632.58,3713.46,3732.78,3489.97,17838925500.0,478436899403.0
000016.SH,20210305,3688.68,3793.37,3818.07,3627.29,17796478300.0,498782594293.0
000016.SH,20210226,3756.86,4020.01,4020.01,3753.44,22978805800.0,612142890238.0
000016.SH,20210219,4014.46,4097.87,4110.18,3956.98,9410281100.0,264515779185.0
000016.SH,20210210,4028.53,3856.94,4039.23,3835.1,10503855500.0,304506289782.0
000016.SH,20210205,3840.77,3712.78,3876.68,3699.2,16470448300.0,508391487036.0
000016.SH,20210129,3713.25,3843.49,3903.19,3675.49,15841051100.0,527868864700.0
000016.SH,20210122,3846.39,3807.99,3874.67,3790.54,19435749200.0,588905382592.0
000016.SH,20210115,3817.93,3794.83,3931.95,3763.15,25740481800.0,707954297101.0
000016.SH,20210108,3788.32,3632.69,3833.86,3608.34,22045020000.0,629176245159.0
000016.SH,20201231,3640.64,3514.71,3646.75,3503.97,11578996900.0,326964328479.0
000016.SH,20201225,3512.49,3505.91,3531.42,3467.53,13000905600.0,385004550875.0
000016.SH,20201218,3507.97,3443.03,3543.73,3435.31,12696793100.0,353867974788.0
000016.SH,20201211,3427.86,3547.93,3548.78,3404.93,16317624300.0,331763726286.0
000016.SH,20201204,3541.52,3509.66,3570.22,3469.42,24533096600.0,420019107434.0
000016.SH,20201127,3498.66,3427.78,3498.66,3414.06,21152196200.0,376485448523.0
000016.SH,20201120,3411.93,3352.69,3415.86,3344.4,17133188400.0,343589266791.0
000016.SH,20201113,3338.31,3382.8,3440.56,3318.45,18770714200.0,405566599856.0
000016.SH,20201106,3359.12,3280.62,3386.98,3249.96,16340484600.0,347033869151.0
000016.SH,20201030,3280.38,3320.03,3351.12,3271.27,15446556200.0,330313729728.0
000016.SH,20201023,3346.61,3398.75,3430.56,3328.32,16029716600.0,306512175578.0
000016.SH,20201016,3380.17,3302.98,3400.42,3302.62,15584197500.0,327474370819.0
000016.SH,20201009,3286.86,3281.46,3296.67,3274.19,2462439400.0,64079382336.0
000016.SH,20200930,3232.42,3237.3,3269.31,3218.55,6269706200.0,133909562112.0
000016.SH,20200925,3229.78,3359.23,3360.92,3214.7,12364527300.0,276998183403.0
000016.SH,20200918,3347.78,3283.93,3347.78,3253.52,13267254600.0,320152606279.0
000016.SH,20200911,3265.5,3303.64,3328.72,3217.15,14854132200.0,320889678224.0
000016.SH,20200904,3309.21,3386.62,3408.58,3283.31,17377382500.0,366680663812.0
000016.SH,20200828,3368.44,3306.56,3372.74,3257.57,15818304300.0,351295284233.0
000016.SH,20200821,3284.73,3300.9,3397.5,3252.18,23286567700.0,450220534132.0
000016.SH,20200814,3288.51,3250.54,3333.75,3199.55,23195870000.0,468771186006.0
000016.SH,20200807,3263.75,3271.18,3329.56,3219.42,25434558900.0,544809744805.0
000016.SH,20200731,3249.34,3178.05,3284.38,3136.03,19599344800.0,444853051482.0
000016.SH,20200724,3158.29,3219.92,3354.72,3136.64,27826698700.0,566233553285.0
000016.SH,20200717,3185.89,3338.71,3421.94,3151.22,35135477900.0,663390481493.0
000016.SH,20200710,3351.78,3198.74,3466.63,3198.74,48623017900.0,862205327786.0
000016.SH,20200703,3159.16,2935.54,3159.17,2909.45,24760026600.0,459652079885.0
000016.SH,20200624,2943.47,2921.3,2947.61,2902.12,9498268600.0,193442028395.0
000016.SH,20200619,2925.94,2862.49,2933.9,2838.61,14054510800.0,262682272587.0
000016.SH,20200612,2884.12,2907.68,2931.54,2837.55,13951366200.0,241303465656.0
000016.SH,20200605,2896.35,2832.22,2922.78,2832.22,12614279100.0,226678156681.0
000016.SH,20200529,2806.66,2784.43,2830.46,2762.3,10095968300.0,174728630205.0
000016.SH,20200522,2775.81,2821.73,2872.7,2775.31,11032405800.0,207228462721.0
000016.SH,20200515,2819.69,2876.77,2897.99,2818.37,10425372200.0,195106088776.0
000015.SH,20230621,2843.66,2938.43,2938.43,2843.08,6445573100.0,40155320768.0
000015.SH,20230616,2935.91,2993.06,2993.28,2930.66,11419259000.0,74170363535.0
000015.SH,20230609,2998.98,2956.05,3022.57,2947.14,12160825500.0,80868309620.0
000015.SH,20230602,2960.28,2968.52,3024.88,2947.08,12263741300.0,84937568916.0
000015.SH,20230526,2977.62,3048.2,3065.7,2920.76,13567722200.0,85504219540.0
000015.SH,20230519,3059.54,3109.86,3132.34,3044.59,15884661200.0,98562249748.0
000015.SH,20230512,3115.16,3150.27,3283.44,3110.83,27681401600.0,176010651549.0
000015.SH,20230505,3160.78,3049.8,3178.93,3043.05,10163431600.0,63940070933.0
000015.SH,20230428,3056.72,3001.51,3058.47,2973.52,15182288600.0,99190452087.0
000015.SH,20230421,2994.74,2966.82,3045.54,2959.86,14136108400.0,93929813873.0
000015.SH,20230414,2971.07,2916.56,2991.07,2905.13,11364268000.0,75905617822.0
000015.SH,20230407,2916.92,2904.7,2941.51,2904.52,8648464100.0,59050366674.0
000015.SH,20230331,2899.69,2891.46,2911.89,2859.63,11761587800.0,80569615753.0
000015.SH,20230324,2894.38,2923.03,2946.07,2890.03,12138386200.0,75155905120.0
000015.SH,20230317,2917.6,2873.35,2938.57,2873.35,13439491700.0,82066195398.0
000015.SH,20230310,2876.76,2952.45,2977.1,2874.85,13893248800.0,87377312224.0
000015.SH,20230303,2950.45,2889.58,2952.98,2879.53,10188659100.0,70718663263.0
000015.SH,20230224,2890.05,2806.42,2916.47,2805.89,9428133600.0,74248930946.0
000015.SH,20230217,2797.94,2799.71,2831.44,2776.82,8871499900.0,64608133591.0
000015.SH,20230210,2799.19,2783.66,2808.98,2773.83,6829778100.0,50120571544.0
000015.SH,20230203,2794.87,2835.81,2838.08,2783.27,9392161100.0,68978427765.0
000015.SH,20230120,2816.34,2781.43,2816.34,2770.5,8279211100.0,57969360385.0
000015.SH,20230113,2774.12,2767.58,2774.8,2737.5,8548993000.0,65114119435.0
000015.SH,20230106,2758.46,2727.03,2768.48,2717.46,7974471900.0,54847272855.0
000015.SH,20221230,2725.07,2712.83,2745.63,2700.64,7508890000.0,47934474640.0
000015.SH,20221223,2712.97,2816.08,2822.84,2701.69,6819186800.0,46183009089.0
000015.SH,20221216,2820.12,2853.1,2866.43,2779.93,9691326300.0,70171370613.0
000015.SH,20221209,2852.27,2812.76,2859.91,2795.22,13649333800.0,101425314609.0
000015.SH,20221202,2794.75,2756.63,2880.61,2737.42,13968384800.0,106385945973.0
000015.SH,20221125,2789.5,2680.29,2791.39,2659.79,11342365000.0,80605981780.0
000015.SH,20221118,2692.36,2774.31,2790.2,2691.43,10506244900.0,87980583884.0
000015.SH,20221111,2743.89,2649.45,2758.87,2635.03,9773590700.0,73675157868.0
000015.SH,20221104,2654.98,2609.22,2669.76,2545.56,12857105000.0,91402896382.0
000015.SH,20221028,2625.76,2762.11,2770.9,2621.08,11939146200.0,82296913349.0
000015.SH,20221021,2763.97,2776.91,2797.83,2735.44,8595347200.0,67204675391.0
000015.SH,20221014,2788.75,2786.31,2832.77,2737.98,10205025400.0,75902883569.0
000015.SH,20220930,2774.36,2793.75,2815.44,2724.79,9034879100.0,67372637859.0
000015.SH,20220923,2811.06,2794.52,2853.95,2775.28,9512440400.0,72855703014.0
000015.SH,20220916,2797.17,2930.87,2930.87,2797.17,9001327500.0,72883311749.0
000015.SH,20220909,2926.17,2811.31,2930.42,2800.26,9165893700.0,81929393265.0
000015.SH,20220902,2800.15,2782.45,2838.22,2759.23,9126425200.0,77031274984.0
000015.SH,20220826,2801.69,2769.55,2827.22,2758.55,8161193900.0,76973798460.0
000015.SH,20220819,2769.1,2739.57,2785.25,2734.16,7750562800.0,69852665377.0
000015.SH,20220812,2737.35,2648.54,2743.06,2645.43,6937966600.0,58559202931.0
000015.SH,20220805,2651.21,2724.11,2740.79,2619.77,9277586400.0,74367526417.0
000015.SH,20220729,2724.93,2700.79,2758.55,2695.71,8074009100.0,66853545757.0
000015.SH,20220722,2698.04,2703.14,2777.58,2683.84,9647575100.0,77379933356.0
000015.SH,20220715,2691.36,2809.03,2821.62,2691.36,14323846700.0,96899309496.0
000015.SH,20220708,2825.78,2885.66,2921.03,2817.26,11183838700.0,92057997424.0
000015.SH,20220701,2886.24,2803.07,2892.39,2802.03,12732900000.0,105700742971.0
000015.SH,20220624,2801.34,2813.11,2825.6,2757.86,12121286900.0,93734950933.0
000015.SH,20220617,2827.09,2881.95,2932.1,2802.25,14925634200.0,110304068047.0
000015.SH,20220610,2902.27,2829.64,2910.28,2806.16,14676697000.0,110336982875.0
000015.SH,20220602,2828.97,2860.53,2863.07,2815.1,8764968900.0,66525377382.0
000015.SH,20220527,2860.16,2844.26,2870.71,2778.35,10953101800.0,85847233737.0
000015.SH,20220520,2840.1,2821.46,2845.29,2759.32,11388543400.0,87980162176.0
000015.SH,20220513,2795.76,2741.6,2796.18,2685.46,11862081600.0,87152471277.0
000015.SH,20220506,2757.43,2845.5,2860.74,2750.85,5719625000.0,40457809269.0
000015.SH,20220429,2852.28,2856.64,2857.59,2701.9,17049498500.0,121056868790.0
000015.SH,20220422,2896.11,2992.62,3018.34,2830.93,13396823900.0,104014881920.0
000015.SH,20220415,3027.93,3034.85,3096.62,2964.36,14950225400.0,120036567333.0
000015.SH,20220408,3042.41,3029.53,3077.09,2979.94,10123105700.0,75408037568.0
000015.SH,20220401,3025.78,2890.31,3031.05,2869.95,15210868200.0,114855120323.0
000015.SH,20220325,2898.38,2825.19,2929.21,2813.61,11635964800.0,92754983496.0
000015.SH,20220318,2825.16,2846.45,2895.24,2606.29,16583719100.0,116608706198.0
000015.SH,20220311,2865.48,2970.07,2977.05,2730.79,14295902400.0,104531842882.0
000015.SH,20220304,2957.92,2856.14,2979.01,2830.25,11305590700.0,85785983910.0
000015.SH,20220225,2856.33,2917.59,2936.95,2837.53,11936066000.0,90384778071.0
000015.SH,20220218,2915.95,2905.99,2916.49,2836.49,10986426800.0,82922669082.0
000015.SH,20220211,2910.34,2749.13,2938.73,2749.13,15549302400.0,111791028458.0
000015.SH,20220128,2721.72,2834.53,2844.51,2702.47,10652406600.0,75761563363.0
000015.SH,20220121,2842.1,2830.72,2887.96,2819.83,12241827100.0,94021333849.0
000015.SH,20220114,2826.07,2841.62,2900.61,2824.74,13691226100.0,100198900181.0
000015.SH,20220107,2842.12,2811.45,2867.97,2806.0,11520567900.0,84422079091.0
000015.SH,20211231,2792.7,2781.31,2801.15,2755.45,8662933200.0,68407812009.0
000015.SH,20211224,2776.98,2762.96,2793.0,2737.78,9824930900.0,76336877717.0
000015.SH,20211217,2766.71,2771.89,2793.9,2725.17,11391341200.0,90327090210.0
000015.SH,20211210,2766.66,2768.13,2796.3,2744.1,15615984100.0,130003490389.0
000015.SH,20211203,2769.04,2687.44,2779.88,2676.32,10907969700.0,86651674943.0
000015.SH,20211126,2724.09,2733.13,2781.18,2720.96,10267767300.0,83451236916.0
000015.SH,20211119,2730.81,2693.5,2734.36,2675.79,9474207900.0,73768097853.0
000015.SH,20211112,2699.44,2691.83,2718.67,2627.51,10706761000.0,92549190549.0
000015.SH,20211105,2683.03,2724.04,2757.53,2665.32,11952881900.0,95031124864.0
000015.SH,20211029,2739.79,2891.84,2902.96,2715.84,11099493800.0,93155235844.0
000015.SH,20211022,2892.18,2928.57,3009.91,2888.05,12110492700.0,106291269812.0
000015.SH,20211015,2933.65,2972.4,3050.1,2890.24,12268587500.0,104801925158.0
000015.SH,20211008,2969.39,3014.52,3020.19,2943.18,2905235300.0,22541532422.0
000015.SH,20210930,2982.22,3072.18,3078.9,2932.86,12099827600.0,96326945623.0
000015.SH,20210924,3059.12,3098.74,3248.43,3055.23,9438844800.0,81743822368.0
000015.SH,20210917,3130.4,3248.96,3333.2,3082.86,18142268100.0,156566907803.0
000015.SH,20210910,3244.18,3081.14,3314.98,3064.35,19462102700.0,163523703409.0
000015.SH,20210903,3067.44,2930.19,3089.62,2914.37,17125699700.0,145469200239.0
000015.SH,20210827,2921.8,2801.37,2923.92,2797.52,11511112200.0,96084846471.0
000015.SH,20210820,2784.54,2799.83,2820.42,2752.12,12863218800.0,103067892263.0
000015.SH,20210813,2795.58,2678.19,2810.92,2671.47,12319514700.0,103307878738.0
000015.SH,20210806,2677.74,2690.48,2695.48,2639.4,11376911100.0,90582393816.0
000015.SH,20210730,2719.28,2821.53,2821.53,2639.93,13297074900.0,99865516112.0
000015.SH,20210723,2818.02,2881.9,2883.42,2812.62,11028781500.0,83774261477.0
000015.SH,20210716,2869.72,2807.0,2889.04,2792.87,13009803500.0,97938051253.0
000015.SH,20210709,2798.85,2839.8,2845.27,2762.07,11653671000.0,91222514598.0
000015.SH,20210702,2839.3,2917.22,2919.39,2835.47,11668905500.0,97213693972.0
000015.SH,20210625,2941.87,2822.85,2950.43,2804.62,11914180000.0,101591494282.0
000015.SH,20210618,2818.4,2892.73,2893.76,2810.14,10313465200.0,83865371418.0
000015.SH,20210611,2880.58,2883.12,2895.67,2844.72,13022027300.0,95469471663.0
000015.SH,20210604,2873.42,2868.98,2924.03,2839.99,14021661800.0,105240287059.0
000015.SH,20210528,2852.49,2785.39,2873.0,2777.27,12120159200.0,95047175364.0
000015.SH,20210521,2779.15,2824.38,2837.43,2747.64,10127008100.0,80193708725.0
000015.SH,20210514,2820.72,2852.52,2879.7,2805.16,11808816100.0,94192228201.0
000015.SH,20210507,2836.71,2769.51,2858.72,2769.51,5645922200.0,44114669164.0
000015.SH,20210430,2761.13,2802.67,2812.82,2750.63,11310459600.0,85487990965.0
000015.SH,20210423,2793.08,2792.92,2821.04,2775.12,10598688600.0,83044560105.0
000015.SH,20210416,2799.68,2770.3,2801.45,2734.66,10211108800.0,78503738131.0
000015.SH,20210409,2769.93,2738.1,2783.16,2730.58,8188427200.0,58232013359.0
000015.SH,20210402,2733.02,2733.36,2770.93,2718.1,13733180100.0,96654141106.0
000015.SH,20210326,2718.14,2725.53,2760.47,2670.3,12125670600.0,88606801370.0
000015.SH,20210319,2725.79,2731.43,2765.53,2709.93,14698476300.0,109217401076.0
000015.SH,20210312,2729.95,2707.99,2735.72,2630.49,17632173700.0,131337578696.0
000015.SH,20210305,2691.8,2636.29,2745.12,2635.09,18840244500.0,144475243877.0
000015.SH,20210226,2629.76,2667.48,2736.49,2624.92,20870796300.0,166677979535.0
000015.SH,20210219,2661.55,2571.83,2663.14,2571.83,7798274000.0,60811321764.0
000015.SH,20210210,2535.13,2491.96,2538.23,2485.5,9492504700.0,73111932625.0
000015.SH,20210205,2490.71,2483.61,2514.29,2457.67,13719630500.0,108515927417.0
000015.SH,20210129,2483.5,2570.64,2570.64,2470.4,11980828400.0,101290034383.0
000015.SH,20210122,2580.69,2585.95,2623.47,2574.06,15178359900.0,131635852050.0
000015.SH,20210115,2584.91,2577.65,2596.62,2540.26,16885870300.0,144927017525.0
000015.SH,20210108,2578.94,2589.21,2599.94,2551.39,14748253800.0,134559023963.0
000015.SH,20201231,2594.99,2618.27,2620.82,2572.45,8663518000.0,76912796590.0
000015.SH,20201225,2615.92,2677.76,2685.4,2592.34,10538919000.0,89240149417.0
000015.SH,20201218,2670.55,2657.49,2685.06,2602.87,11522835300.0,92338211805.0
000015.SH,20201211,2669.44,2752.52,2757.55,2613.79,11553072100.0,94814887469.0
000015.SH,20201204,2748.29,2809.75,2831.65,2730.02,16949548800.0,134683237346.0
000015.SH,20201127,2807.0,2790.87,2843.1,2767.58,14102390800.0,122343870898.0
000015.SH,20201120,2787.75,2724.87,2794.95,2720.2,11393704800.0,112168438265.0
000015.SH,20201113,2714.05,2685.34,2737.03,2685.34,11991217700.0,111043116833.0
000015.SH,20201106,2669.74,2549.51,2670.37,2544.51,9755480800.0,100896542848.0
000015.SH,20201030,2543.82,2556.39,2583.05,2519.97,9246808000.0,85655648734.0
000015.SH,20201023,2558.61,2606.18,2628.19,2554.79,10669495100.0,84596786869.0
000015.SH,20201016,2599.04,2582.95,2621.96,2580.98,10773956300.0,89805220006.0
000015.SH,20201009,2575.21,2567.73,2585.72,2563.98,1494272500.0,14049158853.0
000015.SH,20200930,2537.42,2546.79,2562.29,2528.01,4212971800.0,34731811348.0
000015.SH,20200925,2539.56,2637.56,2638.65,2531.05,7037529500.0,60786651575.0
000015.SH,20200918,2635.47,2583.19,2635.86,2570.56,7716737500.0,70529932080.0
000015.SH,20200911,2578.03,2615.85,2641.63,2557.09,9960623400.0,84782963204.0
000015.SH,20200904,2615.98,2665.43,2674.24,2593.48,11008853200.0,94239275583.0
000015.SH,20200828,2661.11,2677.2,2692.32,2602.26,9772454400.0,81435996053.0
000015.SH,20200821,2666.43,2647.36,2717.71,2647.18,14173226300.0,106701189413.0
000015.SH,20200814,2638.52,2605.85,2657.36,2562.52,12080703000.0,97264487661.0
000015.SH,20200807,2600.19,2572.08,2626.8,2567.46,13505081700.0,105495925712.0
000015.SH,20200731,2552.78,2497.25,2565.66,2466.35,10416649700.0,82566841179.0
000015.SH,20200724,2488.36,2529.26,2635.07,2479.06,14758537300.0,122848170072.0
000015.SH,20200717,2514.65,2606.4,2689.72,2494.93,19195041000.0,146941658019.0
000015.SH,20200710,2605.0,2537.64,2716.24,2537.64,27110702000.0,203645771537.0
000015.SH,20200703,2509.63,2389.11,2512.29,2373.06,14143470800.0,107178410700.0
000015.SH,20200624,2392.89,2419.4,2423.26,2387.45,4986535700.0,37180916130.0
000015.SH,20200619,2419.52,2378.21,2431.28,2368.91,9897514500.0,66699570151.0
000015.SH,20200612,2396.68,2417.67,2434.6,2362.67,8140472300.0,64192085740.0
000015.SH,20200605,2413.12,2371.63,2445.41,2371.63,7380624300.0,58906579454.0
000015.SH,20200529,2364.23,2360.81,2396.12,2349.89,6129291000.0,45406232299.0
000015.SH,20200522,2357.26,2424.05,2441.64,2356.82,5671960000.0,46032726130.0
000015.SH,20200515,2419.78,2471.95,2480.51,2418.39,5655354700.0,48591962994.0
000126.SH,20230621,9039.68,9278.0,9327.12,9039.68,2543230900.0,75627549232.0
000126.SH,20230616,9293.71,8780.33,9318.8,8764.7,5192223700.0,155882786265.0
000126.SH,20230609,8790.58,8984.4,8984.4,8725.25,2144680900.0,99038495270.0
000126.SH,20230602,8983.03,9058.05,9077.71,8739.42,2379857700.0,113286011036.0
000126.SH,20230526,9054.4,9128.79,9376.33,8951.1,2491109900.0,111732608332.0
000126.SH,20230519,9164.84,9220.74,9331.11,8999.9,1887271400.0,94467355639.0
000126.SH,20230512,9221.62,9447.07,9463.16,9221.62,2535237500.0,109426501025.0
000126.SH,20230505,9423.02,9580.18,9621.99,9365.93,1152826900.0,52330577919.0
000126.SH,20230428,9601.55,9493.77,9682.02,9283.76,2888902900.0,134732592864.0
000126.SH,20230421,9499.51,9719.86,9908.68,9491.56,2685597300.0,121905706240.0
000126.SH,20230414,9700.31,10025.58,10025.58,9641.85,2787328200.0,137940605517.0
000126.SH,20230407,10034.71,10156.15,10196.46,9957.77,2183657400.0,102253422859.0
000126.SH,20230331,10160.3,10052.23,10271.92,9966.28,2505382400.0,114956787859.0
000126.SH,20230324,10048.78,9868.34,10103.61,9760.19,2305431000.0,114449816689.0
000126.SH,20230317,9873.05,10025.71,10186.19,9851.11,2457034100.0,117967463481.0
000126.SH,20230310,10030.38,10650.84,10651.27,10028.34,2778882200.0,126853380281.0
000126.SH,20230303,10651.37,10554.9,10789.96,10520.26,2189981900.0,113421815195.0
000126.SH,20230224,10616.72,10615.19,10892.26,10566.43,2610741500.0,128851252585.0
000126.SH,20230217,10623.78,10571.48,10905.28,10571.48,2748259300.0,147727685323.0
000126.SH,20230210,10600.29,10515.6,10640.97,10383.03,2231744700.0,122596977911.0
000126.SH,20230203,10619.58,10922.19,10922.19,10506.19,3145952500.0,168466668127.0
000126.SH,20230120,10676.64,10779.85,11032.28,10608.94,2527697000.0,137351864154.0
000126.SH,20230113,10750.8,10502.15,10755.25,10430.04,2560481300.0,137388788512.0
000126.SH,20230106,10450.83,10231.76,10493.21,10047.48,2197053600.0,114106086815.0
000126.SH,20221230,10241.4,10320.69,10399.54,10171.25,2187258400.0,108678420453.0
000126.SH,20221223,10303.87,10456.76,10529.47,10027.5,2346769900.0,118128440147.0
000126.SH,20221216,10464.65,10362.94,10567.56,10265.2,2655615500.0,138440407946.0
000126.SH,20221209,10442.78,10081.23,10481.53,10016.08,3567103500.0,173680622063.0
000126.SH,20221202,9937.63,9165.1,10163.66,9068.23,3418024600.0,164638352340.0
000126.SH,20221125,9340.43,9533.74,9588.86,9293.88,1876264800.0,87057210861.0
000126.SH,20221118,9644.43,9754.08,9873.34,9525.38,2643022800.0,131083393341.0
000126.SH,20221111,9690.76,9524.9,9808.39,9305.09,2709391100.0,135789799214.0
000126.SH,20221104,9625.86,8569.03,9693.43,8483.27,3904061900.0,195059244745.0
000126.SH,20221028,8665.52,9350.55,9428.32,8646.89,3146859800.0,180874559294.0
000126.SH,20221021,9440.01,9957.21,10064.4,9383.14,2609686000.0,124572300531.0
000126.SH,20221014,9982.84,10158.88,10163.27,9531.3,2546768500.0,134655135267.0
000126.SH,20220930,10214.25,9985.8,10497.73,9985.8,2336507700.0,118675039765.0
000126.SH,20220923,10039.77,10217.84,10387.3,9950.81,2109293000.0,97518991159.0
000126.SH,20220916,10219.46,10520.83,10606.64,10219.46,2042924600.0,89564419572.0
000126.SH,20220909,10455.5,10273.84,10473.03,10108.82,2354447800.0,112890671897.0
000126.SH,20220902,10346.95,10559.47,10742.24,10293.99,2842917600.0,130724945744.0
000126.SH,20220826,10680.55,10509.46,10790.79,10422.53,3050375000.0,132311712798.0
000126.SH,20220819,10558.0,10725.6,10815.17,10555.32,2434905200.0,110563499383.0
000126.SH,20220812,10773.72,10692.64,10797.71,10518.76,2490542500.0,115511919850.0
000126.SH,20220805,10796.57,10889.82,11010.55,10599.05,3195763500.0,141362775180.0
000126.SH,20220729,10914.37,11041.9,11248.67,10865.17,2713791800.0,132650701805.0
000126.SH,20220722,11054.08,10959.14,11207.14,10813.53,3051648400.0,133835812024.0
000126.SH,20220715,10948.37,11142.67,11237.65,10881.78,3479177300.0,145883076671.0
000126.SH,20220708,11250.51,11522.41,11692.23,11077.07,3744315200.0,168863433690.0
000126.SH,20220701,11607.26,11425.41,11877.46,11425.41,4711745600.0,213175790893.0
000126.SH,20220624,11326.56,11053.93,11371.95,10929.6,3781360500.0,169492959143.0
000126.SH,20220617,11019.22,10600.21,11036.15,10470.76,4191566400.0,180768179283.0
000126.SH,20220610,10730.67,10426.12,10848.72,10309.14,4521278900.0,179621385007.0
000126.SH,20220602,10445.2,10152.39,10553.21,10127.52,3577828400.0,132526990323.0
000126.SH,20220527,10054.85,10246.66,10246.66,9915.97,4332913600.0,146103530454.0
000126.SH,20220520,10239.13,10172.73,10242.65,9891.76,4218015700.0,139577995397.0
000126.SH,20220513,10121.25,9692.62,10138.87,9460.38,4193887200.0,137120557730.0
000126.SH,20220506,9787.01,10164.7,10261.68,9747.15,1888041800.0,62200678873.0
000126.SH,20220429,10126.7,9766.69,10154.96,9555.45,4707684300.0,177195279817.0
000126.SH,20220422,9955.57,10116.64,10302.85,9793.03,3739914900.0,126408544235.0
000126.SH,20220415,10188.48,9654.96,10245.81,9347.77,4820741800.0,158621077625.0
000126.SH,20220408,9712.0,9909.78,9959.37,9641.88,2093480600.0,67768274406.0
000126.SH,20220401,10035.5,9607.44,10108.41,9492.68,3355850800.0,130504529729.0
000126.SH,20220325,9793.94,10209.39,10215.67,9788.19,3174599800.0,114861102569.0
000126.SH,20220318,10178.9,10323.77,10352.65,9439.56,4695762400.0,185671612371.0
000126.SH,20220311,10525.29,10960.89,10960.89,9903.51,4053105300.0,169958201778.0
000126.SH,20220304,11060.51,11283.14,11473.42,10963.79,2904313900.0,132391433690.0
000126.SH,20220225,11342.76,11640.08,11687.42,11120.57,2729686600.0,132518194844.0
000126.SH,20220218,11683.84,11518.99,11746.42,11471.59,2125326200.0,107091474744.0
000126.SH,20220211,11535.98,11583.76,11768.16,11183.15,2791274900.0,143065658238.0
000126.SH,20220128,11433.23,11905.19,11997.2,11415.12,2612746800.0,136848185246.0
000126.SH,20220121,11946.06,11619.16,12007.81,11570.15,3055400500.0,149708915901.0
000126.SH,20220114,11694.96,12005.42,12147.96,11688.23,3289056000.0,157340681713.0
000126.SH,20220107,12099.94,12536.62,12552.71,12091.37,3248654200.0,143743804951.0
000126.SH,20211231,12511.73,12676.3,12817.66,12438.66,2899440700.0,161696610355.0
000126.SH,20211224,12695.8,12411.58,12695.8,12357.17,3330301000.0,170164549125.0
000126.SH,20211217,12481.37,13117.91,13284.36,12451.95,3535924600.0,206405937822.0
000126.SH,20211210,13077.24,12448.96,13189.26,12376.77,5929677300.0,252189461162.0
000126.SH,20211203,12423.13,12267.73,12458.88,12205.29,4525027300.0,170759161371.0
000126.SH,20211126,12404.3,12531.81,12676.58,12375.36,4571496600.0,189901948447.0
000126.SH,20211119,12527.61,12485.96,12698.52,12374.3,4765722100.0,159742652294.0
000126.SH,20211112,12411.7,12715.47,12803.29,12192.95,4838511800.0,162057832169.0
000126.SH,20211105,12735.67,12537.44,12872.48,12339.52,5921831300.0,226539609708.0
000126.SH,20211029,12730.89,12551.87,12763.6,12400.25,4992253800.0,188948077343.0
000126.SH,20211022,12621.5,12512.71,12681.43,12166.71,4816394000.0,181951467771.0
000126.SH,20211015,12582.43,12178.71,12650.71,12006.1,5325540000.0,193619370650.0
000126.SH,20211008,12171.92,11935.52,12214.84,11847.91,1064187500.0,42886772277.0
000126.SH,20210930,11836.35,11694.51,12162.27,11583.69,3613068900.0,168862685011.0
000126.SH,20210924,11632.37,11375.51,11726.51,11224.7,2665190100.0,101004216674.0
000126.SH,20210917,11544.83,11809.7,11911.09,11205.47,5399842500.0,175861911787.0
000126.SH,20210910,11866.46,11571.02,12026.19,11540.94,5962790300.0,187386813509.0
000126.SH,20210903,11590.77,11646.93,11739.21,11181.98,7393328500.0,235795896935.0
000126.SH,20210827,11565.19,11412.41,11826.25,11343.8,5305366400.0,201883750156.0
000126.SH,20210820,11365.79,12194.42,12374.6,11237.6,4943597200.0,197650191152.0
000126.SH,20210813,12226.89,11977.68,12569.4,11967.13,5771738600.0,211027573986.0
000126.SH,20210806,12047.36,11443.58,12284.66,11355.57,6784887100.0,245491820640.0
000126.SH,20210730,11600.28,12607.38,12607.38,11389.07,7166545400.0,279963197459.0
000126.SH,20210723,12695.33,12755.57,13141.04,12649.43,5702612000.0,209568473949.0
000126.SH,20210716,12839.16,12636.71,13062.65,12412.66,6210479700.0,232924931238.0
000126.SH,20210709,12563.63,12819.26,12940.45,12356.9,5681164500.0,222039279457.0
000126.SH,20210702,12887.43,13296.14,13393.1,12880.35,5636996000.0,204210195853.0
000126.SH,20210625,13263.69,13120.55,13312.59,12942.47,6709477300.0,232435635404.0
000126.SH,20210618,13184.07,13348.54,13417.74,13029.95,4016860300.0,160789795726.0
000126.SH,20210611,13351.01,13615.65,13732.58,13249.91,5486100800.0,214743112751.0
000126.SH,20210604,13638.37,13784.34,13874.29,13491.02,5042095000.0,193655422194.0
000126.SH,20210528,13807.28,13284.36,14017.92,13137.32,4999827700.0,207014686121.0
000126.SH,20210521,13297.12,13071.26,13536.91,13065.38,6115513100.0,179107850310.0
000126.SH,20210514,13024.71,12559.73,13056.6,12475.13,5500785300.0,184324798624.0
000126.SH,20210507,12603.19,13127.04,13168.17,12603.19,2305517300.0,87116089555.0
000126.SH,20210430,13159.81,13144.71,13266.24,12848.77,4992587100.0,206219640138.0
000126.SH,20210423,13105.14,12665.4,13150.4,12548.67,5498762800.0,191319692347.0
000126.SH,20210416,12638.33,12605.91,12711.18,12288.43,4199722900.0,158531426462.0
000126.SH,20210409,12634.59,13151.2,13151.2,12546.32,3262250000.0,129495770833.0
000126.SH,20210402,13096.33,12439.61,13100.36,12296.25,4503387400.0,172658763952.0
000126.SH,20210326,12400.38,12144.99,12440.91,11766.08,4602664600.0,155806400166.0
000126.SH,20210319,12154.8,12215.74,12548.71,11767.16,5100742300.0,173890598281.0
000126.SH,20210312,12284.45,12630.77,12696.59,11519.13,6277240400.0,235621171614.0
000126.SH,20210305,12562.42,13096.46,13329.95,12178.71,5589570800.0,234425529605.0
000126.SH,20210226,12945.18,14878.26,14878.26,12757.58,6640401300.0,288600945271.0
000126.SH,20210219,14830.87,15497.28,15588.66,14404.32,3061333700.0,131239287991.0
000126.SH,20210210,15277.85,14251.79,15307.86,14097.25,3909263900.0,157710790067.0
000126.SH,20210205,14194.93,13684.07,14440.52,13573.49,7222284600.0,257986166521.0
000126.SH,20210129,13637.02,13908.23,14365.72,13457.37,6146541900.0,263344733371.0
000126.SH,20210122,13857.1,13602.54,13892.88,13205.39,6451159700.0,255640895647.0
000126.SH,20210115,13673.14,14156.95,14615.69,13362.35,7528216400.0,299762137921.0
000126.SH,20210108,14151.3,13263.29,14459.57,13240.58,8172714400.0,310066352719.0
000126.SH,20201231,13221.68,12629.21,13232.45,12587.68,5099486100.0,174412817024.0
000126.SH,20201225,12594.87,12218.64,12721.78,12145.36,7010367600.0,223172292458.0
000126.SH,20201218,12199.11,11766.25,12303.05,11711.06,5707403600.0,187301441826.0
000126.SH,20201211,11731.54,11757.23,11915.58,11621.98,5796311100.0,178566776203.0
000126.SH,20201204,11739.24,11473.23,11756.23,11334.08,6604941300.0,163794678614.0
000126.SH,20201127,11484.08,11688.33,11797.58,11220.01,6525496500.0,167557302186.0
000126.SH,20201120,11657.91,11472.84,11704.67,11229.38,7013115100.0,167971817220.0
000126.SH,20201113,11472.31,11667.7,11776.77,11385.09,6272867500.0,187416583896.0
000126.SH,20201106,11637.16,11114.65,11761.85,11114.65,7433405400.0,186843680344.0
000126.SH,20201030,11129.12,10759.79,11463.63,10614.04,5390762700.0,171062511374.0
000126.SH,20201023,10919.37,11050.88,11181.18,10811.98,4527042600.0,121258616403.0
000126.SH,20201016,11032.09,10937.87,11391.61,10894.34,5295096600.0,134959086988.0
000126.SH,20201009,10861.92,10943.3,10948.22,10788.73,978993900.0,32662125697.0
000126.SH,20200930,10742.21,10653.6,10886.27,10612.99,1883014600.0,62463586536.0
000126.SH,20200925,10589.31,10911.51,10921.78,10529.83,3606634200.0,110714513224.0
000126.SH,20200918,10918.2,10774.01,10970.3,10654.18,4696196600.0,144805330040.0
000126.SH,20200911,10674.81,11018.77,11111.9,10366.12,5457754800.0,150896080582.0
000126.SH,20200904,11058.75,11305.24,11603.97,10905.53,6722351700.0,195532733762.0
000126.SH,20200828,11200.35,10629.72,11236.48,10561.53,6406509700.0,167230227867.0
000126.SH,20200821,10596.62,10510.02,10818.8,10384.74,8466979800.0,169320016906.0
000126.SH,20200814,10490.85,10447.22,10728.59,10113.12,8025924400.0,160120370261.0
000126.SH,20200807,10501.44,10618.92,10691.36,10301.22,7054278800.0,182506861781.0
000126.SH,20200731,10508.37,9792.53,10582.44,9718.55,5509832400.0,173515232825.0
000126.SH,20200724,9753.11,9777.82,10292.61,9556.1,6464408900.0,202621518973.0
000126.SH,20200717,9668.14,9906.61,10251.66,9411.07,7916875500.0,238854187069.0
000126.SH,20200710,9891.34,9255.73,10006.62,9222.88,8828071100.0,230570466054.0
000126.SH,20200703,9191.97,8527.65,9202.02,8508.04,5180556600.0,148344647746.0
000126.SH,20200624,8551.67,8454.3,8592.12,8357.23,2589317800.0,68545400439.0
000126.SH,20200619,8458.96,8141.65,8473.29,8085.72,4463204400.0,107087168014.0
000126.SH,20200612,8190.65,8082.35,8196.01,7945.62,5523749300.0,112732048302.0
000126.SH,20200605,8061.66,7947.86,8062.15,7940.22,5570362100.0,110528784597.0
000126.SH,20200529,7901.06,7601.0,7901.06,7526.68,4052643400.0,91038347039.0
000126.SH,20200522,7577.13,7664.1,7843.47,7542.77,4328405100.0,95632833861.0
000126.SH,20200515,7666.62,7786.25,7870.07,7639.61,4769340800.0,98771347979.0
000688.SH,20230621,1020.22,1053.34,1059.98,1020.14,6852130900.0,282227481242.0
000688.SH,20230616,1052.88,1030.26,1055.08,1021.27,10050522200.0,403713698554.0
000688.SH,20230609,1032.55,1063.15,1068.3,1001.75,9411887400.0,372415924074.0
000688.SH,20230602,1053.29,1041.27,1067.23,1022.15,9346142500.0,379313865816.0
000688.SH,20230526,1038.66,1040.83,1048.47,1006.71,8132543000.0,318591551700.0
000688.SH,20230519,1040.16,1013.53,1048.9,1006.3,9073707300.0,339971407260.0
000688.SH,20230512,1014.11,1050.1,1063.89,1014.02,9343531100.0,342017472723.0
000688.SH,20230505,1049.09,1077.85,1082.84,1047.09,3972154600.0,163522059154.0
000688.SH,20230428,1087.87,1116.67,1118.77,1059.95,10803636600.0,488657015518.0
000688.SH,20230421,1116.83,1134.05,1167.54,1114.83,11745828800.0,555658878726.0
000688.SH,20230414,1136.21,1164.98,1171.3,1095.96,11393398700.0,570691044000.0
000688.SH,20230407,1161.02,1093.08,1165.34,1090.75,9821509900.0,496433377998.0
000688.SH,20230331,1081.54,1057.17,1083.16,1035.68,8875311700.0,421023624430.0
000688.SH,20230324,1060.99,1016.23,1064.12,1012.45,9334316000.0,416854295601.0
000688.SH,20230317,1015.76,992.94,1027.17,989.33,8728017300.0,349391554924.0
000688.SH,20230310,993.55,999.72,1011.03,987.5,7759611800.0,298238036311.0
000688.SH,20230303,998.9,988.11,1002.48,980.1,7577629900.0,283380291613.0
000688.SH,20230224,990.63,985.11,1003.18,979.83,5889277600.0,247500089284.0
000688.SH,20230217,986.33,1020.55,1032.59,986.33,7456023600.0,319826530666.0
000688.SH,20230210,1024.54,1031.92,1038.6,1004.67,7010354100.0,303103797460.0
000688.SH,20230203,1033.87,1046.44,1051.67,1010.4,6851355600.0,304449691780.0
000688.SH,20230120,1029.13,972.7,1034.59,971.9,5351760100.0,243384565031.0
000688.SH,20230113,974.31,994.74,1000.07,967.11,4815218000.0,219592967778.0
000688.SH,20230106,991.1,960.51,1003.04,956.7,4310681300.0,188717707379.0
000688.SH,20221230,959.9,920.74,971.04,920.56,4377432200.0,183655870373.0
000688.SH,20221223,920.35,973.6,980.47,915.35,4230426900.0,169868049155.0
000688.SH,20221216,978.36,1000.29,1011.76,973.7,5704692900.0,247459041333.0
000688.SH,20221209,1001.69,1011.28,1014.33,992.63,6940185700.0,296566816915.0
000688.SH,20221202,1008.14,983.59,1021.4,980.76,6200327500.0,272701361367.0
000688.SH,20221125,999.99,1023.9,1032.95,994.5,6337885800.0,266023489099.0
000688.SH,20221118,1031.99,1021.41,1054.36,1012.67,7051738000.0,330640418299.0
000688.SH,20221111,1023.26,1070.14,1080.79,1021.11,7149623500.0,331338845469.0
000688.SH,20221104,1072.87,991.89,1077.49,991.89,7862176000.0,386334007054.0
000688.SH,20221028,993.72,967.56,1021.56,955.57,6978783000.0,337079881668.0
000688.SH,20221021,967.98,948.64,976.71,938.33,6531501900.0,301544003627.0
000688.SH,20221014,954.92,933.02,961.5,871.45,5298348900.0,242317260272.0
000688.SH,20220930,939.38,955.04,978.49,937.86,4747657700.0,194978588276.0
000688.SH,20220923,960.94,997.53,1003.15,956.11,4284140700.0,199860652237.0
000688.SH,20220916,998.52,1034.5,1046.18,990.85,3730954300.0,186845531984.0
000688.SH,20220909,1033.78,1030.6,1065.17,1016.65,4801578800.0,242067595732.0
000688.SH,20220902,1030.12,1032.04,1064.76,1022.58,5264439900.0,260097803312.0
000688.SH,20220826,1045.99,1103.15,1117.71,1044.4,6426774600.0,312323901717.0
000688.SH,20220819,1108.45,1145.02,1155.78,1108.16,6929448300.0,338514332886.0
000688.SH,20220812,1146.19,1161.04,1176.06,1141.34,7386743700.0,362317499142.0
000688.SH,20220805,1157.33,1081.62,1158.51,1068.19,7363540000.0,348537470124.0
000688.SH,20220729,1088.91,1082.62,1116.16,1066.13,5622696700.0,269275619829.0
000688.SH,20220722,1084.97,1075.71,1109.54,1052.95,5562845200.0,261637033938.0
000688.SH,20220715,1072.26,1098.67,1098.67,1041.65,4919376500.0,248738917911.0
000688.SH,20220708,1104.02,1087.34,1120.87,1073.04,5506225600.0,277665327008.0
000688.SH,20220701,1089.03,1113.22,1121.45,1084.59,6073737900.0,290055275169.0
000688.SH,20220624,1101.48,1099.46,1109.74,1054.91,5589223000.0,265835719118.0
000688.SH,20220617,1092.09,1088.76,1094.79,1039.0,5446837800.0,243644498807.0
000688.SH,20220610,1102.85,1084.66,1130.76,1072.18,7882601600.0,326056547713.0
000688.SH,20220602,1079.85,995.96,1081.92,984.28,5182522800.0,190386666946.0
000688.SH,20220527,993.7,1044.18,1050.06,986.42,3673573000.0,164678409406.0
000688.SH,20220520,1045.38,1016.94,1049.04,993.38,3763907800.0,169325252477.0
000688.SH,20220513,1010.8,938.39,1026.49,931.58,4054208500.0,176669400055.0
000688.SH,20220506,942.23,944.55,967.25,929.82,1577385500.0,68464701364.0
000688.SH,20220429,947.15,924.96,949.06,853.21,4501482500.0,177377192064.0
000688.SH,20220422,942.07,969.06,1010.58,940.26,3255042900.0,145563998530.0
000688.SH,20220415,973.36,1022.91,1022.91,955.77,3309736100.0,150875625114.0
000688.SH,20220408,1027.24,1087.76,1087.76,1017.18,2197793700.0,97170456627.0
000688.SH,20220401,1089.19,1097.87,1112.63,1074.79,3513982600.0,161116686800.0
000688.SH,20220325,1106.86,1143.55,1160.71,1106.36,4380653200.0,193750740563.0
000688.SH,20220318,1144.32,1151.97,1163.51,1070.77,5170987100.0,254230849241.0
000688.SH,20220311,1161.21,1198.01,1198.01,1097.07,4955629100.0,240784931853.0
000688.SH,20220304,1203.09,1243.98,1259.68,1197.83,4097788300.0,208054991792.0
000688.SH,20220225,1240.88,1207.15,1253.46,1168.57,4429434800.0,211248752189.0
000688.SH,20220218,1204.37,1161.84,1217.47,1148.7,3453070700.0,159723123200.0
000688.SH,20220211,1169.59,1247.58,1263.97,1168.9,4302802700.0,183658169437.0
000688.SH,20220128,1229.22,1286.14,1311.73,1229.22,5065430100.0,206623909336.0
000688.SH,20220121,1290.41,1317.38,1362.48,1288.78,4816909600.0,273692516276.0
000688.SH,20220114,1312.29,1306.6,1323.15,1288.85,4367050900.0,265229309690.0
000688.SH,20220107,1305.49,1403.39,1405.51,1305.14,3537421500.0,198035878182.0
000688.SH,20211231,1398.19,1356.41,1399.75,1349.11,3494756300.0,204242864303.0
000688.SH,20211224,1358.73,1389.18,1401.34,1353.65,3678810400.0,213242959724.0
000688.SH,20211217,1399.06,1439.19,1451.68,1395.64,4015459200.0,245400680394.0
000688.SH,20211210,1435.7,1444.93,1445.16,1380.51,4356649900.0,261796080896.0
000688.SH,20211203,1444.83,1448.5,1479.93,1427.98,4718719600.0,287557914239.0
000688.SH,20211126,1459.93,1449.45,1489.71,1449.38,5077327700.0,300268747442.0
000688.SH,20211119,1444.78,1441.41,1448.03,1414.12,5111310600.0,275381962697.0
000688.SH,20211112,1440.16,1398.57,1444.41,1381.62,4646490100.0,258869434084.0
000688.SH,20211105,1396.74,1398.59,1423.93,1386.4,4383061300.0,248882243177.0
000688.SH,20211029,1396.2,1366.21,1398.42,1354.3,4068142500.0,233212350748.0
000688.SH,20211022,1368.14,1366.55,1381.06,1338.89,3332088900.0,186713960068.0
000688.SH,20211015,1363.16,1367.21,1377.31,1312.44,2863036200.0,164395098107.0
000688.SH,20211008,1364.46,1378.53,1388.02,1361.04,550278700.0,31614688004.0
000688.SH,20210930,1368.72,1386.52,1397.18,1336.51,2665030400.0,143340669314.0
000688.SH,20210924,1375.0,1338.01,1390.5,1335.5,2233876500.0,117868856420.0
000688.SH,20210917,1349.68,1426.54,1426.76,1332.1,4479512400.0,239417983624.0
000688.SH,20210910,1426.81,1398.24,1443.34,1392.21,4907668500.0,254015677624.0
000688.SH,20210903,1400.89,1487.9,1508.78,1382.64,5823829800.0,300836071870.0
000688.SH,20210827,1480.31,1534.39,1586.52,1476.56,5523315800.0,328755531368.0
000688.SH,20210820,1529.09,1547.39,1566.0,1501.18,5247702000.0,291788129352.0
000688.SH,20210813,1552.78,1567.44,1604.73,1548.69,6060155400.0,333377873822.0
000688.SH,20210806,1586.67,1594.03,1639.19,1558.1,6655984400.0,390608038658.0
000688.SH,20210730,1591.22,1559.84,1627.85,1476.59,7293412200.0,407357276168.0
000688.SH,20210723,1563.49,1514.83,1593.7,1501.92,4944388000.0,281839043591.0
000688.SH,20210716,1525.23,1593.57,1621.71,1523.64,4973515100.0,272558284107.0
000688.SH,20210709,1583.71,1545.68,1616.7,1510.71,5309928300.0,303240859136.0
000688.SH,20210702,1538.16,1538.02,1603.35,1527.2,5280393600.0,283846208082.0
000688.SH,20210625,1534.85,1485.66,1551.92,1482.49,7088682100.0,267083343227.0
000688.SH,20210618,1494.7,1442.09,1499.82,1404.69,4058017900.0,186027958507.0
000688.SH,20210611,1436.28,1443.86,1455.83,1411.23,4896117300.0,220645905114.0
000688.SH,20210604,1431.52,1398.19,1467.94,1398.19,6811896600.0,231505243763.0
000688.SH,20210528,1386.04,1314.79,1414.61,1304.64,4789500700.0,177056439651.0
000688.SH,20210521,1315.21,1303.08,1341.28,1301.06,3216909900.0,153160793056.0
000688.SH,20210514,1300.54,1262.48,1301.37,1240.2,2357463300.0,122715793567.0
000688.SH,20210507,1263.9,1321.21,1322.68,1263.69,957857700.0,57364387790.0
000688.SH,20210430,1322.24,1315.51,1337.85,1297.27,2858699900.0,165468493478.0
000688.SH,20210423,1311.83,1273.08,1318.3,1268.99,2880570100.0,142070465961.0
000688.SH,20210416,1274.7,1269.02,1280.08,1239.46,1996062800.0,98724128768.0
000688.SH,20210409,1271.44,1304.64,1309.95,1269.92,1740613300.0,86877117588.0
000688.SH,20210402,1299.92,1262.29,1302.62,1236.26,2019847700.0,103169954109.0
000688.SH,20210326,1256.66,1229.47,1258.16,1212.38,1866336100.0,91102990337.0
000688.SH,20210319,1231.29,1254.68,1254.68,1212.34,1749863200.0,92748983597.0
000688.SH,20210312,1261.32,1337.02,1340.42,1227.18,2124551200.0,122503120432.0
000688.SH,20210305,1329.84,1339.99,1373.66,1305.92,2378509400.0,137241069055.0
000688.SH,20210226,1325.59,1431.56,1436.8,1319.65,2396724700.0,138200375636.0
000688.SH,20210219,1427.91,1457.8,1465.68,1404.15,913787200.0,57451153806.0
000688.SH,20210210,1437.02,1371.75,1440.21,1367.33,1175938100.0,77109483348.0
000688.SH,20210205,1368.8,1419.18,1443.98,1367.71,2324706800.0,140397120767.0
000688.SH,20210129,1421.96,1481.74,1513.73,1400.67,2460689700.0,165651482775.0
000688.SH,20210122,1486.31,1443.82,1496.37,1437.02,2800442600.0,182459560234.0
000688.SH,20210115,1447.58,1385.35,1478.75,1378.12,2958127000.0,177463530656.0
000688.SH,20210108,1378.74,1398.96,1434.19,1366.18,3008209000.0,190538458214.0
000688.SH,20201231,1393.03,1345.3,1394.74,1335.21,2068958600.0,123883817689.0
000688.SH,20201225,1349.79,1359.69,1390.99,1340.79,2631658600.0,147283722041.0
000688.SH,20201218,1361.11,1361.61,1381.48,1339.9,2431995400.0,141479958066.0
000688.SH,20201211,1362.96,1410.5,1417.78,1345.32,2553072200.0,143473287221.0
000688.SH,20201204,1404.87,1392.95,1419.11,1380.22,2241741100.0,126086264414.0
000688.SH,20201127,1387.77,1429.39,1429.39,1380.13,2178454600.0,122468287080.0
000688.SH,20201120,1430.72,1520.27,1520.27,1408.22,2379554800.0,125681149039.0
000688.SH,20201113,1436.89,1446.47,1491.52,1393.73,2760453400.0,158951522316.0
000688.SH,20201106,1441.47,1402.08,1479.47,1370.9,2370140900.0,135355654705.0
000688.SH,20201030,1393.91,1332.68,1430.12,1313.45,2112389900.0,124050220529.0
000688.SH,20201023,1336.53,1444.84,1446.49,1336.37,1884342100.0,116265112604.0
000688.SH,20201016,1438.53,1475.26,1498.83,1429.08,2466479700.0,138190881087.0
000688.SH,20201009,1465.96,1446.52,1467.98,1446.52,492101500.0,24754719794.0
000688.SH,20200930,1418.8,1367.46,1431.88,1335.99,1280190600.0,64052241100.0
000688.SH,20200925,1364.02,1407.07,1440.64,1360.55,2580950900.0,130568374734.0
000688.SH,20200918,1403.9,1334.98,1403.92,1334.82,2739890200.0,134519681055.0
000688.SH,20200911,1312.51,1387.49,1394.9,1272.84,2569513800.0,136808117196.0
000688.SH,20200904,1390.28,1417.66,1441.46,1371.16,2504206400.0,145333206299.0
000688.SH,20200828,1413.64,1453.49,1462.9,1377.21,2913094700.0,159883171264.0
000688.SH,20200821,1447.71,1486.81,1517.89,1438.46,3483993200.0,186579345322.0
000688.SH,20200814,1484.04,1520.1,1555.68,1422.73,2738394600.0,192850584452.0
000688.SH,20200807,1526.8,1533.23,1628.14,1492.25,3900388800.0,274156670943.0
000688.SH,20200731,1512.98,1396.49,1513.76,1361.98,3493566100.0,230514889265.0
000688.SH,20200724,1389.31,1459.78,1519.12,1388.28,4576445998.0,288712330883.0
